id,name,niche,score,phone,emails,website,has_booking,chat_widget,reasons,hook,address,opening_hours,source_url
osm:node/11252368164,CDIC,dentist,95.0,+91 99705 04270,techbulksite@gmail.com,https://www.cdic.co.in,False,,has_phone: +30; has_email: +15; no_online_booking: +20; no_chat_widget: +10; high_ticket_niche: +10; limited_hours: +5; site_ok: +5,"Since CDIC operates without an online booking system and has limited hours, an AI phone receptionist can handle patient inquiries and book appointments around the clock.",,"Mo-Fr 09:30-14:00,16:00-21:00",https://www.openstreetmap.org/node/11252368164
osm:node/2837524768,Dr. Dixit's Dental Speciality Clinic and Implant Centre,dentist,75.0,+91 20 3240 0120,,https://www.dixitdentalcare.com/,False,,has_phone: +30; no_online_booking: +20; no_chat_widget: +10; high_ticket_niche: +10; site_ok: +5,"With Dr. Dixit's Dental Speciality Clinic and Implant Centre operating without online booking outside of its Monday to Saturday hours in Viman Nagar, an AI phone receptionist can capture patient calls 24/7.","Viman Nagar Road, Pune",,https://www.openstreetmap.org/node/2837524768
osm:node/8333356550,Dental Inn,dentist,75.0,+91 97662 79155,info@dentalinnclinic.com,https://dentalinnclinic.com/,True,,has_phone: +30; has_email: +15; no_chat_widget: +10; high_ticket_niche: +10; limited_hours: +5; site_ok: +5,An AI phone receptionist can help Dental Inn in Pune answer incoming patient calls when staff are busy or outside limited operating hours.,"Shree Capital (Sangriya Developers), 3rd Floor Opposite Oriental Bank of Commerce, Baner Rd, near KFC, Baner, Pune",Mo-Sa 11:00-19:00,https://www.openstreetmap.org/node/8333356550
osm:node/2827467012,Advanced Dental Care Center,dentist,45.0,+919373965004,,https://www.apneareamein.com/Magarpattacity-Pune/Doctor%20-%20Dentist%20in%20Magarpatta%20City.php,,,has_phone: +30; high_ticket_niche: +10; limited_hours: +5,"Because Advanced Dental Care Center operates with limited hours, an AI phone receptionist can ensure every prospective dental patient call is answered immediately.","Destination Centre, Magarpatta City","Mo-Sa 10:00-14:00, 16:30-21:30;Su 10:00-14:00",https://www.openstreetmap.org/node/2827467012
osm:node/8234500535,Dr Malu's Dental & Maxillofacial Clinic,dentist,40.0,,ankitmalu@gmail.com,https://www.drankitmalu.com,True,,has_email: +15; no_chat_widget: +10; high_ticket_niche: +10; site_ok: +5,"To help Dr Malu's Dental & Maxillofacial Clinic in Camp manage patient inquiries regarding treatments and facilities, an AI phone receptionist can seamlessly handle incoming phone calls.","Kalpatru Apartments, 2129, Sardar Vallabhai Patel Road, New Modikhana,, Pune",,https://www.openstreetmap.org/node/8234500535
osm:node/8791759680,The White Arch Dental Centre,dentist,40.0,,contact@thegooddentist.in,https://www.thewhitearch.com/,True,,has_email: +15; no_chat_widget: +10; high_ticket_niche: +10; site_ok: +5,An AI phone receptionist can ensure prospective dental patients reaching out to The White Arch Dental Centre in Koregaon Park always get an immediate response.,"Casa Grande, North Main Road, Koregaon Park,, pune",,https://www.openstreetmap.org/node/8791759680
osm:node/5771102650,Dr Rasika's Dental Wellness Centre,dentist,35.0,+91 7588871443 / (020) 41225502,,,,,has_phone: +30; high_ticket_niche: +10; limited_hours: +5; no_website: -10,An AI phone receptionist can ensure Dr Rasika's Dental Wellness Centre never misses a dental patient call during busy times or outside limited clinic hours.,,"Mo-Sa 10:00-13:00, 17:00-20:30",https://www.openstreetmap.org/node/5771102650
osm:node/5803625454,Varad Dental Clinic & Implant Centre,dentist,35.0,07775866101,,,,,has_phone: +30; high_ticket_niche: +10; limited_hours: +5; no_website: -10,"With Varad Dental Clinic & Implant Centre having limited operating hours, an AI phone receptionist can answer high-value implant and dental inquiries around the clock.",,"9:30-13:30, 17:00-21:30",https://www.openstreetmap.org/node/5803625454
osm:node/5879368029,Glowdent Clinic,dentist,35.0,+91 20 25430418,,,,,has_phone: +30; high_ticket_niche: +10; limited_hours: +5; no_website: -10,An AI phone receptionist can help Glowdent Clinic capture every patient phone call without letting inquiries slip through during limited hours.,,"Mo-Sa 10:00-14:00,17:00-20:00",https://www.openstreetmap.org/node/5879368029
osm:node/7320397273,Ridgeway Dental Spa,dentist,35.0,+91 72195 10065,,,,,has_phone: +30; high_ticket_niche: +10; limited_hours: +5; no_website: -10,"To ensure Ridgeway Dental Spa captures incoming patient inquiries despite limited practice hours, an AI phone receptionist can reliably manage every phone call.",,"Mo-Fr 09:00-19:00; Sa ""by appointment""",https://www.openstreetmap.org/node/7320397273
osm:node/10261057846,Oracare Detal Clinic,dentist,35.0,(020) 25860233,,,,,has_phone: +30; high_ticket_niche: +10; limited_hours: +5; no_website: -10,,,"Mo-Sa 10:00-13:00,18:00-20:30",https://www.openstreetmap.org/node/10261057846
osm:node/10739481123,Spandant,dentist,35.0,+91 98604 55199,,,,,has_phone: +30; high_ticket_niche: +10; limited_hours: +5; no_website: -10,,,"Mo-Sa 10:00-14:00,16:00-20:00; Su off",https://www.openstreetmap.org/node/10739481123
osm:node/9990997123,Dr Prachi’s dental care,dentist,30.0,+91 95032 37262,,,,,has_phone: +30; high_ticket_niche: +10; no_website: -10,,,,https://www.openstreetmap.org/node/9990997123
osm:node/10222864309,Sri Hari Dental Clinic,dentist,30.0,8329321252,,,,,has_phone: +30; high_ticket_niche: +10; no_website: -10,,"Kolhewadi Road, Pune",,https://www.openstreetmap.org/node/10222864309
osm:node/10819830695,Credent dental clinic,dentist,5.0,,,,,,high_ticket_niche: +10; limited_hours: +5; no_website: -10,,,"Mo-Fr 10:00-12:30,17:30-21:00",https://www.openstreetmap.org/node/10819830695
osm:node/1065057906,Dr. Mane's Dental Clinic,dentist,0.0,,,,,,high_ticket_niche: +10; no_website: -10,,,,https://www.openstreetmap.org/node/1065057906
osm:node/2827467018,my Dental Clinic,dentist,0.0,,,,,,high_ticket_niche: +10; no_website: -10,,,,https://www.openstreetmap.org/node/2827467018
osm:node/5832438823,Dr. Mangrulkar's Orthodontic and Multispeciality Dental Clinic,dentist,0.0,,,,,,high_ticket_niche: +10; no_website: -10,,,,https://www.openstreetmap.org/node/5832438823
osm:node/6135560587,Dental Clinic,dentist,0.0,,,,,,high_ticket_niche: +10; no_website: -10,,,,https://www.openstreetmap.org/node/6135560587
osm:node/6145520669,Hearty Smile Clinic,dentist,0.0,,,,,,high_ticket_niche: +10; no_website: -10,,,,https://www.openstreetmap.org/node/6145520669
osm:node/7047106604,Dr Hinge's Dental Clinic,dentist,0.0,,,,,,high_ticket_niche: +10; no_website: -10,,,,https://www.openstreetmap.org/node/7047106604
osm:node/7054080477,Asha Dental Clinic,dentist,0.0,,,,,,high_ticket_niche: +10; no_website: -10,,,,https://www.openstreetmap.org/node/7054080477
osm:node/7064171417,Swastik Dental Care,dentist,0.0,,,,,,high_ticket_niche: +10; no_website: -10,,,,https://www.openstreetmap.org/node/7064171417
osm:node/7082579579,Vora Multispeciality Dental Clinic and Implant Centre,dentist,0.0,,,,,,high_ticket_niche: +10; no_website: -10,,,,https://www.openstreetmap.org/node/7082579579
osm:node/7086923533,Dr. Mootha's Advanced Dental Care Center,dentist,0.0,,,,,,high_ticket_niche: +10; no_website: -10,,,,https://www.openstreetmap.org/node/7086923533
osm:node/7320397267,Kaushal's Dental Care,dentist,0.0,,,,,,high_ticket_niche: +10; no_website: -10,,,,https://www.openstreetmap.org/node/7320397267
osm:node/7649461755,Tanish Pediatric & Dental Clinic,dentist,0.0,,,,,,high_ticket_niche: +10; no_website: -10,,,,https://www.openstreetmap.org/node/7649461755
osm:node/7649461766,Laxmi Dental Clinic,dentist,0.0,,,,,,high_ticket_niche: +10; no_website: -10,,,,https://www.openstreetmap.org/node/7649461766
osm:node/7649461826,Command Medical Dental Centre,dentist,0.0,,,,,,high_ticket_niche: +10; no_website: -10,,,,https://www.openstreetmap.org/node/7649461826
osm:node/7651453324,SmilePro Dental Care,dentist,0.0,,,,,,high_ticket_niche: +10; no_website: -10,,,,https://www.openstreetmap.org/node/7651453324
osm:node/7651453343,Behere Dental Clinic,dentist,0.0,,,,,,high_ticket_niche: +10; no_website: -10,,,,https://www.openstreetmap.org/node/7651453343
osm:node/7651453345,Dr. Jamenis Dental Clinic,dentist,0.0,,,,,,high_ticket_niche: +10; no_website: -10,,,,https://www.openstreetmap.org/node/7651453345
osm:node/7651453354,New Age Dental Care,dentist,0.0,,,,,,high_ticket_niche: +10; no_website: -10,,,,https://www.openstreetmap.org/node/7651453354
osm:node/7651453360,Dr. Salke Dental and Implant Centre,dentist,0.0,,,,,,high_ticket_niche: +10; no_website: -10,,,,https://www.openstreetmap.org/node/7651453360
osm:node/7651453364,Deccan Dental Clinic,dentist,0.0,,,,,,high_ticket_niche: +10; no_website: -10,,,,https://www.openstreetmap.org/node/7651453364
osm:node/7651453407,Dentartist Dental Clinic,dentist,0.0,,,,,,high_ticket_niche: +10; no_website: -10,,,,https://www.openstreetmap.org/node/7651453407
osm:node/7651453419,Joshi Dental Clinic,dentist,0.0,,,,,,high_ticket_niche: +10; no_website: -10,,,,https://www.openstreetmap.org/node/7651453419
osm:node/7651453423,Vanilla Smiles Kids and Child Dentist,dentist,0.0,,,,,,high_ticket_niche: +10; no_website: -10,,,,https://www.openstreetmap.org/node/7651453423
osm:node/9489014871,Reddy's Dental Clinic,dentist,0.0,,,,,,high_ticket_niche: +10; no_website: -10,,,,https://www.openstreetmap.org/node/9489014871
osm:node/9924934212,Sahyadri dental clinic,dentist,0.0,,,,,,high_ticket_niche: +10; no_website: -10,,,,https://www.openstreetmap.org/node/9924934212
osm:node/10013273578,Shree dental clinic,dentist,0.0,,,,,,high_ticket_niche: +10; no_website: -10,,,,https://www.openstreetmap.org/node/10013273578
osm:node/10250097067,Mahima's Dental clinic,dentist,0.0,,,,,,high_ticket_niche: +10; no_website: -10,,,,https://www.openstreetmap.org/node/10250097067
osm:node/10250102953,Dr. Avinash Kulkarni,dentist,0.0,,,,,,high_ticket_niche: +10; no_website: -10,,,,https://www.openstreetmap.org/node/10250102953
osm:node/10275142362,Ashwin Dental Care,dentist,0.0,,,,,,high_ticket_niche: +10; no_website: -10,,,,https://www.openstreetmap.org/node/10275142362
osm:node/10604463438,Dentorbit,dentist,0.0,,,,,,high_ticket_niche: +10; no_website: -10,,,,https://www.openstreetmap.org/node/10604463438
osm:node/10618652986,Dr Tamhane,dentist,0.0,,,,,,high_ticket_niche: +10; no_website: -10,,,,https://www.openstreetmap.org/node/10618652986
osm:node/10679700960,City dental care,dentist,0.0,,,,,,high_ticket_niche: +10; no_website: -10,,,,https://www.openstreetmap.org/node/10679700960
osm:node/10799652605,Dr. Vikrant's,dentist,0.0,,,,,,high_ticket_niche: +10; no_website: -10,,,,https://www.openstreetmap.org/node/10799652605
osm:node/11111744726,Toothsi,dentist,0.0,,,,,,high_ticket_niche: +10; no_website: -10,,,,https://www.openstreetmap.org/node/11111744726
osm:node/11186086403,Ashleys Dental Clinic,dentist,0.0,,,,,,high_ticket_niche: +10; no_website: -10,,,,https://www.openstreetmap.org/node/11186086403
